accel_x,accel_y,accel_z,car_id,lat,lon,magnitude,timestamp,firebase_key
-2.77,2.36,17.81,Car 1,12.971363,77.594488,18.18,2026-08-22T09:28:16.999Z,-MOCK00000001-DEMO
-4.06,-2.67,16.73,Car 1,12.971645,77.594366,17.42,2026-08-22T09:28:21.999Z,-MOCK00000002-DEMO
-0.8,-0.51,12.03,Car 2,12.971708,77.594701,12.07,2026-08-22T09:28:18.999Z,-MOCK00000003-DEMO
-3.45,4.57,12.88,Car 2,12.971699,77.59452,14.1,2026-08-22T09:28:19.999Z,-MOCK00000004-DEMO
1.04,3.07,18.58,Car 4,12.971398,77.594774,18.86,2026-08-22T09:28:36.999Z,-MOCK00000005-DEMO
0.52,3.29,16.97,Car 1,12.971837,77.594539,17.29,2026-08-22T09:28:31.999Z,-MOCK00000006-DEMO
1.61,2.73,22.29,Car 5,12.971446,77.594385,22.51,2026-08-22T09:28:28.999Z,-MOCK00000007-DEMO
3.34,-3.37,13.15,Car 1,12.97154,77.594577,13.98,2026-08-22T09:28:37.999Z,-MOCK00000008-DEMO
2.29,-3.37,13.5,Car 1,12.971655,77.594436,14.1,2026-08-22T09:28:56.999Z,-MOCK00000009-DEMO
2.76,-2.71,8.47,Car 2,12.971692,77.594771,9.31,2026-08-22T09:28:43.999Z,-MOCK00000010-DEMO
4.43,3.76,12.56,Car 4,12.971484,77.594455,13.84,2026-08-22T09:28:56.999Z,-MOCK00000011-DEMO
-3.57,-3.6,18.8,Car 4,12.971792,77.594671,19.47,2026-08-22T09:29:11.999Z,-MOCK00000012-DEMO
0.84,-1.38,22.46,Car 3,12.971724,77.594564,22.52,2026-08-22T09:28:40.999Z,-MOCK00000013-DEMO
3.61,-3.47,10.32,Car 5,12.971597,77.594728,11.47,2026-08-22T09:29:08.999Z,-MOCK00000014-DEMO
4.96,0.29,22.08,Car 5,12.971382,77.594541,22.63,2026-08-22T09:28:30.999Z,-MOCK00000015-DEMO
-2.33,1.41,9.62,Car 1,12.971691,77.594618,10,2026-08-22T09:29:16.999Z,-MOCK00000016-DEMO
3.76,-2.37,15.26,Car 2,12.971577,77.594827,15.89,2026-08-22T09:28:48.999Z,-MOCK00000017-DEMO
-2.02,1.39,16.83,Car 5,12.971806,77.594785,17.01,2026-08-22T09:28:50.999Z,-MOCK00000018-DEMO
2.79,0.3,8.01,Car 3,12.971731,77.59462,8.49,2026-08-22T09:29:10.999Z,-MOCK00000019-DEMO
3.79,3.32,12.46,Car 4,12.97136,77.594815,13.44,2026-08-22T09:28:35.999Z,-MOCK00000020-DEMO
-4.14,-0.14,9,Car 2,12.971789,77.594823,9.91,2026-08-22T09:29:56.999Z,-MOCK00000021-DEMO
0.5,-2.35,20.65,Car 2,12.971414,77.594588,20.79,2026-08-22T09:29:40.999Z,-MOCK00000022-DEMO
1.9,2.13,13.79,Car 2,12.971814,77.594728,14.08,2026-08-22T09:29:22.999Z,-MOCK00000023-DEMO
-2.52,-4.36,8.3,Car 4,12.9718,77.594576,9.71,2026-08-22T09:30:11.999Z,-MOCK00000024-DEMO
2.08,-4.41,8.98,Car 2,12.971644,77.594354,10.22,2026-08-22T09:28:40.999Z,-MOCK00000025-DEMO
1.69,-2.86,9.92,Car 3,12.971385,77.594469,10.46,2026-08-22T09:30:21.999Z,-MOCK00000026-DEMO
3.07,-3.1,9.41,Car 5,12.971586,77.594742,10.37,2026-08-22T09:30:00.999Z,-MOCK00000027-DEMO
2.29,1.73,22.27,Car 3,12.971562,77.594584,22.45,2026-08-22T09:28:43.999Z,-MOCK00000028-DEMO
3.62,-2.51,10.76,Car 1,12.971551,77.59452,11.62,2026-08-22T09:30:08.999Z,-MOCK00000029-DEMO
-2.5,4.23,14.43,Car 2,12.971561,77.594489,15.24,2026-08-22T09:30:41.999Z,-MOCK00000030-DEMO
3.36,4.69,21.43,Car 1,12.971375,77.59485,22.2,2026-08-22T09:29:16.999Z,-MOCK00000031-DEMO
3.65,4.02,10.39,Car 2,12.971553,77.594591,11.72,2026-08-22T09:28:47.999Z,-MOCK00000032-DEMO
-0.45,-0.77,21.88,Car 4,12.971483,77.594742,21.9,2026-08-22T09:30:56.999Z,-MOCK00000033-DEMO
4.69,0.79,15.86,Car 4,12.971427,77.594498,16.56,2026-08-22T09:29:55.999Z,-MOCK00000034-DEMO
4.19,0.31,8.82,Car 1,12.971375,77.594588,9.77,2026-08-22T09:31:06.999Z,-MOCK00000035-DEMO
-4.32,3.62,13.85,Car 1,12.971776,77.594384,14.96,2026-08-22T09:31:11.999Z,-MOCK00000036-DEMO
-4.18,1.57,16.2,Car 2,12.971639,77.59437,16.8,2026-08-22T09:30:04.999Z,-MOCK00000037-DEMO
-2.61,-1.04,17.74,Car 3,12.971452,77.594708,17.96,2026-08-22T09:30:07.999Z,-MOCK00000038-DEMO
-4.27,-0.42,22.48,Car 4,12.971508,77.594726,22.88,2026-08-22T09:28:54.999Z,-MOCK00000039-DEMO
-3.68,-1.51,9,Car 1,12.971619,77.594603,9.84,2026-08-22T09:29:34.999Z,-MOCK00000040-DEMO
0.43,-1.97,22.27,Car 3,12.971492,77.594569,22.36,2026-08-22T09:31:36.999Z,-MOCK00000041-DEMO
4.32,-3.96,20.73,Car 1,12.971684,77.594627,21.55,2026-08-22T09:30:19.999Z,-MOCK00000042-DEMO
-3.45,-2.18,11.05,Car 1,12.971795,77.594721,11.78,2026-08-22T09:30:22.999Z,-MOCK00000043-DEMO
0.05,-2.49,21.17,Car 2,12.971694,77.594776,21.31,2026-08-22T09:28:59.999Z,-MOCK00000044-DEMO
-4.56,-1.66,9.9,Car 1,12.971667,77.594765,11.02,2026-08-22T09:30:28.999Z,-MOCK00000045-DEMO
-0.72,-4.9,9.09,Car 2,12.971721,77.594626,10.35,2026-08-22T09:29:46.999Z,-MOCK00000046-DEMO
0.53,-0.7,8.61,Car 5,12.971368,77.594535,8.65,2026-08-22T09:30:34.999Z,-MOCK00000047-DEMO
-2.5,-3.97,19.31,Car 1,12.971799,77.594455,19.87,2026-08-22T09:31:24.999Z,-MOCK00000048-DEMO
-2.63,-3.37,19.6,Car 5,12.971725,77.594813,20.06,2026-08-22T09:29:52.999Z,-MOCK00000049-DEMO
-1.68,4.31,19.63,Car 4,12.971362,77.594718,20.17,2026-08-22T09:29:54.999Z,-MOCK00000050-DEMO
-1.17,-4.61,14.83,Car 3,12.97143,77.594701,15.57,2026-08-22T09:29:56.999Z,-MOCK00000051-DEMO
3.71,-2.77,17.57,Car 4,12.971525,77.59476,18.17,2026-08-22T09:31:40.999Z,-MOCK00000052-DEMO
2.73,-1.49,15.39,Car 3,12.971489,77.594385,15.7,2026-08-22T09:32:36.999Z,-MOCK00000053-DEMO
4.7,-3.21,21.96,Car 3,12.97182,77.594408,22.68,2026-08-22T09:30:55.999Z,-MOCK00000054-DEMO
2.29,-1.86,16.79,Car 1,12.971404,77.594567,17.05,2026-08-22T09:32:46.999Z,-MOCK00000055-DEMO
-2.45,2.09,8.02,Car 1,12.971543,77.594638,8.65,2026-08-22T09:32:51.999Z,-MOCK00000056-DEMO
1.64,-1.7,12.55,Car 2,12.971532,77.594385,12.77,2026-08-22T09:29:12.999Z,-MOCK00000057-DEMO
-1.74,1.97,16.04,Car 3,12.971604,77.594683,16.25,2026-08-22T09:30:10.999Z,-MOCK00000058-DEMO
2.48,-3.26,16.25,Car 4,12.971682,77.59454,16.76,2026-08-22T09:32:08.999Z,-MOCK00000059-DEMO
-2.9,2.86,16.8,Car 5,12.971767,77.594502,17.28,2026-08-22T09:31:13.999Z,-MOCK00000060-DEMO
0.11,2.94,21.92,Car 4,12.971571,77.594688,22.11,2026-08-22T09:30:16.999Z,-MOCK00000061-DEMO
1.19,-4.07,21.8,Car 1,12.971492,77.594682,22.21,2026-08-22T09:30:18.999Z,-MOCK00000062-DEMO
-4.76,-2.55,14.89,Car 3,12.971462,77.59445,15.84,2026-08-22T09:29:18.999Z,-MOCK00000063-DEMO
-3.06,1.96,15.17,Car 4,12.971557,77.594665,15.6,2026-08-22T09:30:22.999Z,-MOCK00000064-DEMO
2.51,2.7,9.55,Car 2,12.971678,77.594353,10.23,2026-08-22T09:32:32.999Z,-MOCK00000065-DEMO
0.18,-4.5,11.61,Car 2,12.971438,77.594829,12.46,2026-08-22T09:29:21.999Z,-MOCK00000066-DEMO
0.31,0.59,12.6,Car 4,12.971417,77.594582,12.62,2026-08-22T09:32:40.999Z,-MOCK00000067-DEMO
-0.73,4.07,14.47,Car 5,12.971758,77.594796,15.05,2026-08-22T09:30:30.999Z,-MOCK00000068-DEMO
3.4,-2.23,19.28,Car 4,12.971575,77.594726,19.7,2026-08-22T09:32:48.999Z,-MOCK00000069-DEMO
-2.14,-2.28,12.64,Car 2,12.971487,77.594389,13.02,2026-08-22T09:34:01.999Z,-MOCK00000070-DEMO
1.94,2.06,8.93,Car 1,12.971419,77.594466,9.37,2026-08-22T09:32:56.999Z,-MOCK00000071-DEMO
-2.93,-0.8,21.12,Car 3,12.971621,77.594558,21.34,2026-08-22T09:34:11.999Z,-MOCK00000072-DEMO
-1.2,-4.94,13.1,Car 1,12.971778,77.594733,14.05,2026-08-22T09:33:04.999Z,-MOCK00000073-DEMO
3,3.98,15.08,Car 4,12.971619,77.594717,15.88,2026-08-22T09:31:55.999Z,-MOCK00000074-DEMO
1.69,2.98,18.5,Car 4,12.971593,77.594544,18.82,2026-08-22T09:33:12.999Z,-MOCK00000075-DEMO
4.07,0.92,17.61,Car 2,12.97184,77.594617,18.1,2026-08-22T09:29:31.999Z,-MOCK00000076-DEMO
-4.5,-1.21,11.07,Car 4,12.971418,77.594581,12.01,2026-08-22T09:32:04.999Z,-MOCK00000077-DEMO
2.52,3.32,11.66,Car 3,12.971731,77.59454,12.38,2026-08-22T09:29:33.999Z,-MOCK00000078-DEMO
5,-1.5,17.43,Car 4,12.97136,77.59462,18.19,2026-08-22T09:29:34.999Z,-MOCK00000079-DEMO
-4.8,-3.48,9.83,Car 1,12.971825,77.59445,11.48,2026-08-22T09:29:35.999Z,-MOCK00000080-DEMO
-2.44,-1.31,16.79,Car 5,12.971824,77.594583,17.01,2026-08-22T09:29:36.999Z,-MOCK00000081-DEMO
-4.74,-1.88,17.82,Car 2,12.971832,77.594404,18.54,2026-08-22T09:33:40.999Z,-MOCK00000082-DEMO
0.92,3.31,11.52,Car 4,12.971821,77.594449,12.02,2026-08-22T09:32:22.999Z,-MOCK00000083-DEMO
0.66,-4.59,15.72,Car 5,12.971753,77.594748,16.39,2026-08-22T09:32:25.999Z,-MOCK00000084-DEMO
3.5,3.22,9.53,Car 1,12.971603,77.594521,10.65,2026-08-22T09:32:28.999Z,-MOCK00000085-DEMO
2.34,4.65,11.92,Car 4,12.971704,77.594568,13,2026-08-22T09:35:21.999Z,-MOCK00000086-DEMO
0.92,-1.78,11.56,Car 4,12.971582,77.594763,11.73,2026-08-22T09:29:42.999Z,-MOCK00000087-DEMO
-0.35,1.1,13.5,Car 3,12.971791,77.594472,13.54,2026-08-22T09:29:43.999Z,-MOCK00000088-DEMO
-2.88,2.98,12.93,Car 4,12.971775,77.594441,13.58,2026-08-22T09:35:36.999Z,-MOCK00000089-DEMO
-3.09,-2.59,13.89,Car 3,12.971628,77.594608,14.47,2026-08-22T09:35:41.999Z,-MOCK00000090-DEMO
-0.09,2.93,9.35,Car 2,12.971695,77.594673,9.8,2026-08-22T09:31:16.999Z,-MOCK00000091-DEMO
0.82,-0.27,15.7,Car 4,12.971696,77.594503,15.72,2026-08-22T09:34:20.999Z,-MOCK00000092-DEMO
-2.29,-2.49,9.75,Car 5,12.971515,77.594701,10.32,2026-08-22T09:31:20.999Z,-MOCK00000093-DEMO
2.62,-3.15,11.14,Car 3,12.97141,77.594618,11.87,2026-08-22T09:34:28.999Z,-MOCK00000094-DEMO
0.25,-2.17,9.46,Car 3,12.971712,77.594838,9.71,2026-08-22T09:31:24.999Z,-MOCK00000095-DEMO
-4.86,0.34,11.98,Car 3,12.971464,77.59444,12.93,2026-08-22T09:29:51.999Z,-MOCK00000096-DEMO
1.38,2.53,9.49,Car 5,12.971496,77.594822,9.92,2026-08-22T09:29:52.999Z,-MOCK00000097-DEMO
-1.59,4.65,11.66,Car 5,12.971492,77.594589,12.65,2026-08-22T09:34:44.999Z,-MOCK00000098-DEMO
-4.26,1.29,8.78,Car 1,12.971761,77.59455,9.84,2026-08-22T09:31:32.999Z,-MOCK00000099-DEMO
-2.52,0.58,14.03,Car 5,12.971825,77.594393,14.27,2026-08-22T09:36:31.999Z,-MOCK00000100-DEMO
-0.49,-0.57,20.47,Car 5,12.971463,77.594611,20.49,2026-08-22T09:34:56.999Z,-MOCK00000101-DEMO
4.6,-4.01,19.06,Car 3,12.971634,77.59438,20.01,2026-08-22T09:31:38.999Z,-MOCK00000102-DEMO
-3.26,-4.25,8.04,Car 3,12.97168,77.594429,9.66,2026-08-22T09:35:04.999Z,-MOCK00000103-DEMO
-2.12,-2.17,20.46,Car 5,12.971585,77.594366,20.69,2026-08-22T09:29:59.999Z,-MOCK00000104-DEMO
1.25,1.61,21.54,Car 2,12.971812,77.594744,21.63,2026-08-22T09:35:12.999Z,-MOCK00000105-DEMO
4.08,3.27,9.04,Car 1,12.971622,77.594674,10.44,2026-08-22T09:31:46.999Z,-MOCK00000106-DEMO
4.21,-0.61,14.8,Car 3,12.971648,77.594762,15.4,2026-08-22T09:33:34.999Z,-MOCK00000107-DEMO
-0.06,-4.2,8.58,Car 4,12.971821,77.5946,9.55,2026-08-22T09:35:24.999Z,-MOCK00000108-DEMO
-2.71,1.74,20.48,Car 3,12.971652,77.594363,20.73,2026-08-22T09:37:16.999Z,-MOCK00000109-DEMO
-2.3,-4.6,18.97,Car 1,12.97185,77.594686,19.65,2026-08-22T09:35:32.999Z,-MOCK00000110-DEMO
-3.19,0.85,17.2,Car 5,12.971676,77.594808,17.52,2026-08-22T09:35:36.999Z,-MOCK00000111-DEMO
-1.79,-3.95,10.33,Car 1,12.971585,77.594554,11.21,2026-08-22T09:35:40.999Z,-MOCK00000112-DEMO
3.14,0.5,14.59,Car 4,12.971494,77.594823,14.94,2026-08-22T09:33:52.999Z,-MOCK00000113-DEMO
-0.96,0.15,22.33,Car 3,12.971512,77.594835,22.35,2026-08-22T09:37:41.999Z,-MOCK00000114-DEMO
-1.38,2.56,17.07,Car 4,12.971557,77.594444,17.31,2026-08-22T09:30:10.999Z,-MOCK00000115-DEMO
-2.12,3.81,15.03,Car 2,12.971484,77.594416,15.65,2026-08-22T09:30:11.999Z,-MOCK00000116-DEMO
-1.89,-4.86,13.92,Car 5,12.97175,77.594705,14.86,2026-08-22T09:32:08.999Z,-MOCK00000117-DEMO
3.32,-0.02,18.39,Car 1,12.971581,77.594409,18.69,2026-08-22T09:38:01.999Z,-MOCK00000118-DEMO
-0.28,-0.43,10.1,Car 3,12.971558,77.594591,10.11,2026-08-22T09:32:12.999Z,-MOCK00000119-DEMO
3.64,-2.24,19.46,Car 5,12.971604,77.59479,19.92,2026-08-22T09:36:12.999Z,-MOCK00000120-DEMO
3.21,-2.17,12.33,Car 3,12.971817,77.594604,12.92,2026-08-22T09:38:16.999Z,-MOCK00000121-DEMO
-3.51,0.39,13,Car 5,12.971849,77.594595,13.48,2026-08-22T09:38:21.999Z,-MOCK00000122-DEMO
3.7,4.81,11.46,Car 5,12.971539,77.594816,12.97,2026-08-22T09:36:24.999Z,-MOCK00000123-DEMO
-1.82,-0.27,21.24,Car 2,12.971778,77.594555,21.32,2026-08-22T09:36:28.999Z,-MOCK00000124-DEMO
1.52,-3.48,21.99,Car 4,12.971844,77.594746,22.32,2026-08-22T09:32:24.999Z,-MOCK00000125-DEMO
-4,3.45,9.45,Car 5,12.971833,77.594516,10.82,2026-08-22T09:36:36.999Z,-MOCK00000126-DEMO
1.55,-3.46,14.81,Car 1,12.971711,77.594555,15.29,2026-08-22T09:34:34.999Z,-MOCK00000127-DEMO
-4.2,-1.71,17.78,Car 3,12.971662,77.594549,18.35,2026-08-22T09:38:51.999Z,-MOCK00000128-DEMO
3.87,-0.12,15.84,Car 4,12.971827,77.594663,16.31,2026-08-22T09:38:56.999Z,-MOCK00000129-DEMO
-2.13,-2.73,9.31,Car 1,12.971467,77.594692,9.93,2026-08-22T09:30:25.999Z,-MOCK00000130-DEMO
4.03,-4.54,19.54,Car 1,12.971572,77.594697,20.47,2026-08-22T09:34:46.999Z,-MOCK00000131-DEMO
0.31,0.66,19.49,Car 3,12.971537,77.594423,19.51,2026-08-22T09:32:38.999Z,-MOCK00000132-DEMO
1.2,-2.59,21.24,Car 2,12.971389,77.594785,21.43,2026-08-22T09:32:40.999Z,-MOCK00000133-DEMO
-2.45,-4.91,19.67,Car 2,12.971581,77.594477,20.42,2026-08-22T09:34:55.999Z,-MOCK00000134-DEMO
-1.54,0.88,17.26,Car 5,12.971429,77.594571,17.36,2026-08-22T09:37:12.999Z,-MOCK00000135-DEMO
4.99,3.53,9.55,Car 3,12.971578,77.594501,11.34,2026-08-22T09:37:16.999Z,-MOCK00000136-DEMO
1.99,-4.78,20.04,Car 5,12.971529,77.594498,20.69,2026-08-22T09:37:20.999Z,-MOCK00000137-DEMO
2.78,4.74,21.2,Car 3,12.971354,77.594783,21.9,2026-08-22T09:37:24.999Z,-MOCK00000138-DEMO
3.02,-2.81,10.76,Car 3,12.971738,77.594465,11.52,2026-08-22T09:35:10.999Z,-MOCK00000139-DEMO
1.46,-1.91,14.39,Car 2,12.971664,77.594802,14.59,2026-08-22T09:39:51.999Z,-MOCK00000140-DEMO
-2.05,2.47,10.55,Car 3,12.971716,77.594395,11.02,2026-08-22T09:32:56.999Z,-MOCK00000141-DEMO
0.02,-2.27,10.39,Car 5,12.971788,77.594533,10.63,2026-08-22T09:37:40.999Z,-MOCK00000142-DEMO
-3.85,4.63,10.04,Car 3,12.971723,77.594519,11.71,2026-08-22T09:33:00.999Z,-MOCK00000143-DEMO
-1.34,2.91,8.2,Car 4,12.971834,77.594752,8.81,2026-08-22T09:40:11.999Z,-MOCK00000144-DEMO
1.72,0.85,19.93,Car 1,12.971577,77.594686,20.02,2026-08-22T09:35:28.999Z,-MOCK00000145-DEMO
1.2,4.43,12.76,Car 1,12.971687,77.594586,13.56,2026-08-22T09:40:21.999Z,-MOCK00000146-DEMO
-0.36,2.01,17.41,Car 2,12.971674,77.594668,17.53,2026-08-22T09:30:42.999Z,-MOCK00000147-DEMO
4.96,-3.84,11.4,Car 2,12.971373,77.594369,13.02,2026-08-22T09:40:31.999Z,-MOCK00000148-DEMO
4.49,1.96,15.83,Car 2,12.971544,77.594536,16.57,2026-08-22T09:40:36.999Z,-MOCK00000149-DEMO
3.34,1.16,21.62,Car 2,12.971793,77.594677,21.9,2026-08-22T09:35:43.999Z,-MOCK00000150-DEMO
-0.55,-2.64,13.26,Car 1,12.971695,77.594459,13.53,2026-08-22T09:35:46.999Z,-MOCK00000151-DEMO
-4.39,-2.24,22.04,Car 5,12.971801,77.594672,22.58,2026-08-22T09:38:20.999Z,-MOCK00000152-DEMO
0.97,-4.79,19.41,Car 1,12.971681,77.594671,20.01,2026-08-22T09:33:20.999Z,-MOCK00000153-DEMO
3.3,0.54,16.5,Car 2,12.971743,77.594453,16.84,2026-08-22T09:33:22.999Z,-MOCK00000154-DEMO
0.96,-2.23,22.27,Car 3,12.971737,77.594744,22.4,2026-08-22T09:33:24.999Z,-MOCK00000155-DEMO
1.61,-4.74,8.22,Car 5,12.971475,77.594437,9.62,2026-08-22T09:33:26.999Z,-MOCK00000156-DEMO
-4.48,2.42,15.63,Car 5,12.971512,77.594437,16.44,2026-08-22T09:30:52.999Z,-MOCK00000157-DEMO
0.94,-0.48,11.21,Car 4,12.971574,77.594531,11.26,2026-08-22T09:41:21.999Z,-MOCK00000158-DEMO
1.59,-1.98,17.33,Car 1,12.971714,77.594804,17.51,2026-08-22T09:30:54.999Z,-MOCK00000159-DEMO
-0.74,-3.92,18.33,Car 1,12.971849,77.594774,18.76,2026-08-22T09:38:52.999Z,-MOCK00000160-DEMO
-3.52,-3.74,17.05,Car 1,12.9718,77.594511,17.81,2026-08-22T09:41:36.999Z,-MOCK00000161-DEMO
0.97,-2.05,15.33,Car 5,12.971706,77.59454,15.5,2026-08-22T09:39:00.999Z,-MOCK00000162-DEMO
1.55,3.78,15.99,Car 1,12.971747,77.594407,16.51,2026-08-22T09:33:40.999Z,-MOCK00000163-DEMO
-1.61,-0.47,14.03,Car 4,12.971576,77.594464,14.13,2026-08-22T09:30:59.999Z,-MOCK00000164-DEMO
-1.26,-3.47,21.38,Car 3,12.971563,77.594683,21.7,2026-08-22T09:31:00.999Z,-MOCK00000165-DEMO
-4.03,2.39,19.77,Car 1,12.971766,77.594397,20.32,2026-08-22T09:42:01.999Z,-MOCK00000166-DEMO
-1.7,-3.78,13.13,Car 1,12.971643,77.594631,13.77,2026-08-22T09:39:20.999Z,-MOCK00000167-DEMO
-1.48,0.78,11.08,Car 1,12.971834,77.59465,11.21,2026-08-22T09:39:24.999Z,-MOCK00000168-DEMO
0.56,-3.85,12.04,Car 2,12.971774,77.594525,12.65,2026-08-22T09:33:52.999Z,-MOCK00000169-DEMO
3.18,1.14,17.32,Car 4,12.971773,77.594837,17.65,2026-08-22T09:31:05.999Z,-MOCK00000170-DEMO
-2.33,-3.2,18.19,Car 5,12.971815,77.594765,18.61,2026-08-22T09:36:46.999Z,-MOCK00000171-DEMO
-3.57,1.57,9.01,Car 3,12.971526,77.594441,9.82,2026-08-22T09:31:07.999Z,-MOCK00000172-DEMO
-0.8,-1.59,13.37,Car 1,12.971723,77.594458,13.48,2026-08-22T09:36:52.999Z,-MOCK00000173-DEMO
-3.44,2.54,8.72,Car 5,12.971648,77.594792,9.71,2026-08-22T09:31:09.999Z,-MOCK00000174-DEMO
1.07,-0.86,11.13,Car 3,12.971572,77.594562,11.21,2026-08-22T09:42:46.999Z,-MOCK00000175-DEMO
1.78,0.93,15.64,Car 1,12.971523,77.594405,15.77,2026-08-22T09:37:01.999Z,-MOCK00000176-DEMO
-4.45,-2.96,21.71,Car 1,12.97146,77.594842,22.36,2026-08-22T09:34:08.999Z,-MOCK00000177-DEMO
-0.03,-0.69,9.87,Car 3,12.971495,77.59441,9.9,2026-08-22T09:43:01.999Z,-MOCK00000178-DEMO
3.06,-4.28,20.5,Car 2,12.9716,77.594767,21.16,2026-08-22T09:31:14.999Z,-MOCK00000179-DEMO
3.62,0.76,16.31,Car 4,12.971359,77.594811,16.73,2026-08-22T09:40:12.999Z,-MOCK00000180-DEMO
-1.75,3.01,16.96,Car 3,12.971408,77.59436,17.32,2026-08-22T09:37:16.999Z,-MOCK00000181-DEMO
-0.64,-1,9.14,Car 1,12.971568,77.594403,9.22,2026-08-22T09:37:19.999Z,-MOCK00000182-DEMO
-4.24,1.33,15.69,Car 3,12.971461,77.59474,16.31,2026-08-22T09:34:20.999Z,-MOCK00000183-DEMO
1.45,-3.52,9.49,Car 3,12.971526,77.594829,10.23,2026-08-22T09:37:25.999Z,-MOCK00000184-DEMO
2.59,-4.25,21.79,Car 2,12.971437,77.594426,22.35,2026-08-22T09:40:32.999Z,-MOCK00000185-DEMO
-0.51,4.24,16.19,Car 4,12.971727,77.59473,16.74,2026-08-22T09:43:41.999Z,-MOCK00000186-DEMO
-3.49,-4.32,14.41,Car 3,12.971782,77.594664,15.45,2026-08-22T09:37:34.999Z,-MOCK00000187-DEMO
-4.26,-0.38,8.55,Car 3,12.971646,77.594526,9.56,2026-08-22T09:37:37.999Z,-MOCK00000188-DEMO
3.55,1.15,15.35,Car 3,12.971388,77.594782,15.8,2026-08-22T09:40:48.999Z,-MOCK00000189-DEMO
3.96,-0.5,19.74,Car 5,12.971627,77.594746,20.14,2026-08-22T09:34:34.999Z,-MOCK00000190-DEMO
4.58,-0.49,19.76,Car 3,12.971653,77.594601,20.29,2026-08-22T09:37:46.999Z,-MOCK00000191-DEMO
-2.52,-0.62,14.37,Car 1,12.971602,77.594436,14.6,2026-08-22T09:44:11.999Z,-MOCK00000192-DEMO
-2.17,-0.91,12.91,Car 5,12.971429,77.594536,13.12,2026-08-22T09:44:16.999Z,-MOCK00000193-DEMO
-4.34,-4.05,17.84,Car 1,12.971745,77.594674,18.8,2026-08-22T09:37:55.999Z,-MOCK00000194-DEMO
4.06,3.73,12.83,Car 3,12.971712,77.594678,13.97,2026-08-22T09:44:26.999Z,-MOCK00000195-DEMO
1.56,1.62,9.87,Car 2,12.971808,77.594505,10.12,2026-08-22T09:31:31.999Z,-MOCK00000196-DEMO
-1.72,-3.72,18.19,Car 3,12.971629,77.594672,18.65,2026-08-22T09:44:36.999Z,-MOCK00000197-DEMO
-1.38,-1.37,10.61,Car 1,12.971673,77.594562,10.79,2026-08-22T09:34:50.999Z,-MOCK00000198-DEMO
-2.73,-3.62,9.12,Car 3,12.971824,77.594593,10.18,2026-08-22T09:31:34.999Z,-MOCK00000199-DEMO
3.84,-4.62,12.88,Car 5,12.971735,77.594768,14.21,2026-08-22T09:44:51.999Z,-MOCK00000200-DEMO